time,open,high,low,close,volume
2022-12-27,0.36553,0.37303,0.34214,0.34316,227227559.59248367
